Date,Day,Month,Year,Eto_in,Precip_in,SolRad_Ly/day,AvgVapPres_mBars,MaxAirTemp_°F,MinAirTemp_°F,AvgAirTemp_°F,MaxRelHum_%,MinRelHum_%,AvgRelHum_%,DewPoint_°F,Avg Wind Speed_mph,Wind Run_miles,Avg Soil Temp_°F
1-Oct-2021,1,10,2021,0.21,0,566,6.6,95.1,51.5,74,51,8,23,33.8,3.6,85.2,70
2-Oct-2021,2,10,2021,0.2,0,521,8.9,96.9,56.5,77,58,12,28,41.4,3.3,79,69
3-Oct-2021,3,10,2021,0.21,0,500,9.1,98.8,59.8,79,54,11,27,42.1,3.4,81.4,70
4-Oct-2021,4,10,2021,0.21,0,457,9.3,98.9,63,80,45,14,26,42.6,3.3,79.5,70
5-Oct-2021,5,10,2021,0.22,0,501,15.1,91.3,70.2,80,67,29,43,55.7,5.6,135.1,71
6-Oct-2021,6,10,2021,0.17,0,435,16.1,91.5,65.1,79,67,32,48,57.4,3.1,75.5,70
7-Oct-2021,7,10,2021,0.16,0,382,14.5,89.8,69.5,79,64,26,43,54.5,3.2,77.5,71
8-Oct-2021,8,10,2021,0.14,0,231,14.3,82.1,64.1,74,71,37,49,54,6.7,161.4,70
9-Oct-2021,9,10,2021,0.18,0,494,10,85.7,55.5,71,63,15,39,44.6,4.2,100.1,69
10-Oct-2021,10,10,2021,0.18,0,515,8,87.9,53.4,71,72,14,31,38.8,3.9,93.2,69
11-Oct-2021,11,10,2021,0.29,0,509,7.2,91,53.3,70,49,9,29,36.1,11.3,270.3,68
12-Oct-2021,12,10,2021,0.18,0,500,4.7,74.6,50.1,63,40,13,24,25.8,5.5,131.2,66
13-Oct-2021,13,10,2021,0.15,0,499,5.8,79.1,42.6,62,57,16,30,30.8,3,71.2,64
14-Oct-2021,14,10,2021,0.15,0,494,6.4,83.7,46.5,65,54,12,30,33,3,72.8,63
15-Oct-2021,15,10,2021,0.2,0,496,6.4,85.5,49.9,69,56,11,27,33,5.8,139.6,63
16-Oct-2021,16,10,2021,0.17,0,493,6.3,90.2,46.7,69,45,9,26,32.8,3.4,80.4,62
17-Oct-2021,17,10,2021,0.17,0,465,6.7,90.5,52.1,70,49,11,27,34.4,3.9,94.5,62
18-Oct-2021,18,10,2021,0.22,0,451,9.3,79.5,56.4,68,53,32,40,42.5,10.3,247.2,62
19-Oct-2021,19,10,2021,0.14,0,470,8.4,79.5,48.4,64,62,23,42,39.9,3.2,76.1,61
20-Oct-2021,20,10,2021,0.14,0,469,8.9,83.3,46.5,65,69,21,42,41.4,3,72.7,60
21-Oct-2021,21,10,2021,0.14,0,462,9.6,87.2,49.3,67,65,22,42,43.4,2.8,67.2,60
22-Oct-2021,22,10,2021,0.15,0,457,9.9,88.6,50.4,69,67,20,41,44.2,3.1,75.4,60
23-Oct-2021,23,10,2021,0.15,0,410,11.2,84.5,55.2,70,59,29,45,47.6,4.7,114,60
24-Oct-2021,24,10,2021,0.13,0,431,11.8,85.3,55.2,69,79,26,49,49,3.3,78.5,61
25-Oct-2021,25,10,2021,0.17,0,427,15.4,85.2,59.2,71,93,36,60,56.2,8.3,198.6,61
26-Oct-2021,26,10,2021,0.15,0,449,8.7,78.1,52.6,65,69,21,41,41,5.6,134.9,60
27-Oct-2021,27,10,2021,0.13,0,435,9,84.7,48.1,66,70,20,41,41.7,2.9,68.9,59
28-Oct-2021,28,10,2021,0.15,0,433,9.4,90.9,52.4,70,60,16,37,42.9,3.3,80.2,59
29-Oct-2021,29,10,2021,0.13,0,429,10.9,92.1,53.5,71,67,19,42,46.7,2.6,63,59
30-Oct-2021,30,10,2021,0.15,0,422,12.3,90.6,56.8,72,64,24,45,50.1,5,119.1,60
31-Oct-2021,31,10,2021,0.14,0,423,12.4,87.7,57,72,80,26,46,50.3,4.1,97.9,60
1-Nov-2021,1,11,2021,0.11,0,348,13,84.7,56.2,69,79,27,53,51.5,3.4,82.8,60
2-Nov-2021,2,11,2021,0.13,0,421,11.2,85.5,53.2,68,83,19,48,47.6,3.1,73.3,59
3-Nov-2021,3,11,2021,0.13,0,417,10.2,88.9,51.9,69,73,19,42,44.9,2.7,64.7,59
4-Nov-2021,4,11,2021,0.13,0,417,10,90.1,51.7,69,68,20,41,44.6,2.7,66,58
5-Nov-2021,5,11,2021,0.12,0,415,10.3,90.8,53.1,70,76,20,41,45.4,2.9,70.1,58
6-Nov-2021,6,11,2021,0.13,0,405,12.9,88.1,52.6,70,74,29,52,51.4,3.9,93.7,58
7-Nov-2021,7,11,2021,0.11,0,354,14.8,86.1,57.1,68,83,34,63,55,3.5,84.6,59
8-Nov-2021,8,11,2021,0.11,0,401,13.5,83.6,53.9,66,99,27,62,52.5,3.4,81.2,58
9-Nov-2021,9,11,2021,0.1,0,392,13.2,85,54.3,68,99,20,57,51.9,3.6,85.5,57
10-Nov-2021,10,11,2021,0.12,0,390,13.3,85,54.6,69,89,29,56,52.2,3.5,83.5,58
11-Nov-2021,11,11,2021,0.14,0,391,10.6,89.3,54.7,71,80,20,41,46.2,3.5,84.4,57
12-Nov-2021,12,11,2021,0.14,0,392,10.4,90.6,55.4,71,71,15,40,45.5,3.6,87.6,57
13-Nov-2021,13,11,2021,0.11,0,389,11.2,89.2,49.6,67,77,21,49,47.6,2.6,61.8,57
14-Nov-2021,14,11,2021,0.11,0,386,11,89.5,50.5,67,79,20,49,47.1,2.4,58.7,56
15-Nov-2021,15,11,2021,0.11,0,389,10.5,91.2,49.3,66,75,16,48,45.8,2.6,62.3,56
16-Nov-2021,16,11,2021,0.1,0,314,9.6,85.5,49.2,64,78,17,47,43.5,3.1,74.3,55
17-Nov-2021,17,11,2021,0.1,0,362,10.8,83.7,52.7,64,72,22,52,46.6,2.9,70.6,55
18-Nov-2021,18,11,2021,0.1,0,352,9.2,81.7,46.1,62,81,21,48,42.3,2.5,59.5,54
19-Nov-2021,19,11,2021,0.1,0,343,9.7,82.8,46.3,62,79,20,52,43.8,2.8,68,53
20-Nov-2021,20,11,2021,0.09,0,308,10.2,77.6,46,61,81,29,56,45.1,2.5,58.8,53
21-Nov-2021,21,11,2021,0.13,0,298,8,81.8,49.4,65,74,15,38,38.7,4.7,111.7,53
22-Nov-2021,22,11,2021,0.09,0,314,8.8,80.2,45.9,64,77,19,44,41.3,3.1,75,52
23-Nov-2021,23,11,2021,0.05,0,148,10.8,75.7,50.1,63,72,34,55,46.5,2.9,70.4,53
24-Nov-2021,24,11,2021,0.13,0,349,6.8,78.5,46.8,60,80,13,39,34.7,5.2,123.9,51
25-Nov-2021,25,11,2021,0.16,0,342,4.4,73.3,47.7,61,49,12,24,24.1,7.2,172.5,50
26-Nov-2021,26,11,2021,0.09,0,347,6.6,76.7,41.7,57,75,18,41,34,2.9,70,50
27-Nov-2021,27,11,2021,0.09,0,342,7.1,77.9,38.9,56,74,20,47,35.9,2.5,60.1,49
28-Nov-2021,28,11,2021,0.09,0,339,7.3,78.6,39.8,57,78,19,47,36.5,2.6,62.3,49
29-Nov-2021,29,11,2021,0.09,0,339,8.6,84.6,42.6,59,73,24,50,40.5,2.7,63.8,49
30-Nov-2021,30,11,2021,0.09,0,311,9,82.7,42.9,59,76,24,53,41.7,2.6,61.3,49
1-Dec-2021,1,12,2021,0.09,0,316,9.4,82.3,43.6,60,79,24,54,43,2.6,63.4,49
2-Dec-2021,2,12,2021,0.09,0,337,9.1,82.8,45.7,61,76,20,50,42.2,2.6,62.5,49
3-Dec-2021,3,12,2021,0.09,0,318,9.9,80.2,45.1,60,82,28,57,44.4,3,71.5,49
4-Dec-2021,4,12,2021,0.08,0,336,9.6,81.7,44.1,59,82,19,56,43.5,2.6,61.3,49
5-Dec-2021,5,12,2021,0.09,0,344,9.3,82.7,42,59,85,24,55,42.7,2.5,61,48
6-Dec-2021,6,12,2021,0.1,0,333,8.4,81.1,43.9,60,76,21,48,40,3.9,93.6,48
7-Dec-2021,7,12,2021,0.03,0,77,11.5,68.5,50.5,58,88,49,70,48.1,3.7,88.2,48
8-Dec-2021,8,12,2021,0.08,0,306,11.4,75.3,47.4,59,93,35,68,47.9,2.6,63.5,48
9-Dec-2021,9,12,2021,0.06,0,174,11.6,68.5,46.8,58,89,55,71,48.5,4.9,117,48
10-Dec-2021,10,12,2021,0.1,0,290,7.4,68.3,42.2,55,85,28,50,36.9,4.7,112.4,48
11-Dec-2021,11,12,2021,0.09,0,341,5.1,65.8,34.1,49,80,16,44,27.6,3.7,88.9,46
12-Dec-2021,12,12,2021,0.07,0,334,5.8,67.6,31.5,47,84,21,53,30.9,2.5,59.5,44
13-Dec-2021,13,12,2021,0.04,0,168,6.9,62.3,35.4,48,84,32,62,35.2,2.4,57.6,43
14-Dec-2021,14,12,2021,0.11,0,237,9,70,46.9,57,79,41,56,41.9,9.3,223.2,44
15-Dec-2021,15,12,2021,0.07,0,325,6.4,61.5,35.7,48,83,31,57,33.3,3.6,86.7,44
16-Dec-2021,16,12,2021,0.07,0,327,6,63,30,45,91,27,58,31.4,2.5,60.2,42
17-Dec-2021,17,12,2021,0.09,0,333,6,68.3,35.8,51,83,20,48,31.6,4.2,100.7,42
18-Dec-2021,18,12,2021,0.08,0,339,5.2,67.2,32,48,75,18,45,28.1,2.9,70.6,42
19-Dec-2021,19,12,2021,0.07,0,332,5.8,68.6,29,46,85,22,55,30.9,2.6,62.4,41
20-Dec-2021,20,12,2021,0.08,0,307,6.7,68.7,30.9,48,85,30,58,34.2,2.7,64.3,41
21-Dec-2021,21,12,2021,0.04,0,149,9,66.5,45.5,54,85,36,63,41.9,2.5,58.9,43
22-Dec-2021,22,12,2021,0.07,0,285,8.8,71,43,56,87,25,58,41.2,2.2,53.5,43
23-Dec-2021,23,12,2021,0.09,0.04,240,10.8,74.6,50.2,62,89,30,56,46.6,4.2,102,45
24-Dec-2021,24,12,2021,0.07,0.08,237,12.6,70.8,45.7,59,99,47,75,50.8,7,167.5,47
25-Dec-2021,25,12,2021,0.06,0,210,10,63.8,41.7,54,95,54,71,44.6,5.2,124.8,45
26-Dec-2021,26,12,2021,0.1,0,320,8.4,68.8,43.3,57,71,32,54,40,5.8,139,45
27-Dec-2021,27,12,2021,0.06,0,157,7.6,60.4,40.8,51,83,40,60,37.3,5.8,138.4,44
28-Dec-2021,28,12,2021,0.09,0,292,8.1,64.3,41.6,54,75,41,58,39.2,5.1,123.4,43
29-Dec-2021,29,12,2021,0.07,0,287,8,62.8,37.1,50,84,46,66,38.9,4.1,98.2,43
30-Dec-2021,30,12,2021,0.05,0,232,10.7,66.7,41.6,54,88,55,76,46.4,3.3,79.3,43
31-Dec-2021,31,12,2021,0.08,0.01,276,12.2,66.6,50.5,58,99,49,74,49.8,4.6,109.6,45
1-Jan-2022,1,1,2022,0.11,0,350,4.8,62.9,39.2,52,62,14,37,26.2,7.1,169.3,45
2-Jan-2022,2,1,2022,0.08,0,350,4.2,60.8,27.9,44,81,17,43,22.8,3.5,84,42
3-Jan-2022,3,1,2022,0.07,0,351,4.8,63.5,26.5,42,87,21,53,26.3,2.6,62.4,41
4-Jan-2022,4,1,2022,0.08,0,310,5.6,64.8,30.3,46,83,22,53,29.6,3,70.8,40
5-Jan-2022,5,1,2022,0.08,0,315,6.7,69.2,31.1,48,88,25,58,34.2,2.8,66.6,40
6-Jan-2022,6,1,2022,0.07,0,301,7.7,73.8,34.3,51,93,28,60,37.8,2.5,60,41
7-Jan-2022,7,1,2022,0.08,0,309,8.3,72.5,37,52,94,29,63,39.8,2.9,70.5,42
8-Jan-2022,8,1,2022,0.06,0,265,9.7,69.1,40.5,53,92,44,72,43.8,2.7,64.6,42
9-Jan-2022,9,1,2022,0.08,0,320,7.9,75,36.7,53,96,25,59,38.6,2.9,69.4,42
10-Jan-2022,10,1,2022,0.06,0,233,8,73,37.5,52,89,31,60,38.8,3,72.1,42
11-Jan-2022,11,1,2022,0.07,0,261,7.9,72.7,38.7,52,84,25,60,38.4,2.8,66.3,42
12-Jan-2022,12,1,2022,0.06,0,236,7.8,70,37.2,51,88,33,62,38.1,2.7,63.7,41
13-Jan-2022,13,1,2022,0.08,0,295,8.1,73.5,33.7,53,87,27,59,39,2.6,62.9,41
14-Jan-2022,14,1,2022,0.1,0,319,8.5,77.3,46.9,60,81,25,49,40.4,3.5,84.2,43
15-Jan-2022,15,1,2022,0.07,0,219,8.4,74.4,43.1,56,84,22,54,39.9,2.6,63.5,44
16-Jan-2022,16,1,2022,0.08,0,306,8.3,73.7,39.1,55,90,21,57,39.6,2.5,60.2,43
17-Jan-2022,17,1,2022,0.09,0,351,8.4,75.3,43.3,58,81,21,52,39.9,2.9,69.9,44
18-Jan-2022,18,1,2022,0.09,0,350,10.5,73.9,46.3,59,87,39,61,45.8,3.4,81.7,45
19-Jan-2022,19,1,2022,0.09,0,363,10.1,75.2,41.1,56,98,31,67,44.9,2.7,65.9,45
20-Jan-2022,20,1,2022,0.13,0,378,6.9,76.3,40.2,57,84,15,44,35.2,4.8,115.5,45
21-Jan-2022,21,1,2022,0.11,0,374,6.8,72,35.2,55,85,24,46,34.6,4.5,108.3,44
22-Jan-2022,22,1,2022,0.13,0,259,6.3,70.7,48,60,64,23,37,32.9,7.1,169.5,45
23-Jan-2022,23,1,2022,0.11,0,377,7,76,42.5,57,77,18,44,35.4,3.6,87,45
24-Jan-2022,24,1,2022,0.1,0,381,7.9,77,34.5,53,87,23,57,38.4,3,70.8,44
25-Jan-2022,25,1,2022,0.09,0,340,8,73.5,36,54,85,33,56,38.8,3.2,75.6,44
26-Jan-2022,26,1,2022,0.1,0,399,5.7,70.4,37.3,54,77,17,41,30.5,3.4,82.2,44
27-Jan-2022,27,1,2022,0.1,0,400,6.1,71.7,31.1,49,91,15,51,31.9,3.3,78.5,43
28-Jan-2022,28,1,2022,0.11,0,300,5.2,71.9,34.5,51,80,10,41,28.1,4.2,101.6,42
29-Jan-2022,29,1,2022,0.07,0,258,7.1,68.8,31.8,49,89,32,60,35.7,3,71.6,42
30-Jan-2022,30,1,2022,0.11,0,402,6.7,76.4,32.4,51,86,15,52,34.3,3.1,73.3,42
31-Jan-2022,31,1,2022,0.09,0,320,7.2,71.4,33.2,51,80,27,56,36.1,2.7,65.2,42
1-Feb-2022,1,2,2022,0.1,0,316,7.3,71.4,41.1,55,79,26,50,36.5,3,72.6,43
2-Feb-2022,2,2,2022,0.17,0,417,3,61.8,35.5,50,69,12,25,15.4,9.2,219.7,43
3-Feb-2022,3,2,2022,0.13,0,418,3.1,64.9,34.5,51,57,11,25,15.9,6.1,146.4,41
4-Feb-2022,4,2,2022,0.12,0,422,4.3,67.2,29.9,48,79,12,38,23.3,4,95.9,41
5-Feb-2022,5,2,2022,0.11,0,428,5,70.8,27.8,47,82,14,46,27.2,3,71.1,40
6-Feb-2022,6,2,2022,0.14,0,431,4.7,79.7,31,54,78,10,33,25.8,4.9,117,41
7-Feb-2022,7,2,2022,0.13,0,430,4.9,78.2,37,59,70,10,29,26.5,3.9,94.4,42
8-Feb-2022,8,2,2022,0.12,0,422,6.3,77.3,32.8,53,82,16,46,32.8,3.1,73.5,43
9-Feb-2022,9,2,2022,0.16,0,442,6.1,83.9,38.6,62,71,9,32,31.9,4.4,104.5,43
10-Feb-2022,10,2,2022,0.19,0,431,7.3,82.3,45.4,66,77,19,33,36.4,6.7,160.5,45
11-Feb-2022,11,2,2022,0.12,0,439,9.7,86,41.7,61,82,24,54,43.7,2.8,67.1,46
12-Feb-2022,12,2,2022,0.13,0,449,8.4,85.5,42.4,61,79,15,46,40,2.9,70.8,46
13-Feb-2022,13,2,2022,0.13,0,462,8,83.1,36.4,56,85,15,52,38.7,2.6,61.4,46
14-Feb-2022,14,2,2022,0.13,0,463,8,81.7,35.5,55,87,18,53,38.7,3.1,74.4,46
15-Feb-2022,15,2,2022,0.17,0,414,8.1,71.8,41.6,57,77,39,50,38.9,8.3,198.3,46
16-Feb-2022,16,2,2022,0.12,0,444,7.7,72.6,35.5,54,92,24,54,37.9,3.9,93.7,45
17-Feb-2022,17,2,2022,0.16,0,472,5.9,71.8,37.7,54,86,16,41,31,5.1,123.4,45
18-Feb-2022,18,2,2022,0.14,0,474,6,74.6,32.7,51,85,15,47,31.7,3.4,80.6,44
19-Feb-2022,19,2,2022,0.13,0,474,7.2,78.4,33.9,55,83,18,49,36.2,2.8,66.4,44
20-Feb-2022,20,2,2022,0.15,0,481,7.8,78.3,36.1,57,84,20,49,38.1,4.4,104.9,45
21-Feb-2022,21,2,2022,0.18,0,416,8.1,71.6,46.7,59,73,33,47,38.9,8,193,46
22-Feb-2022,22,2,2022,0.17,0,446,8.3,67.9,43,56,77,40,53,39.6,8.5,205,46
23-Feb-2022,23,2,2022,0.16,0,476,6.9,60.3,37.5,51,75,34,55,35,8.4,201,45
24-Feb-2022,24,2,2022,0.13,0,498,4.9,64.1,29.5,46,91,16,46,26.7,3.4,81.8,44
25-Feb-2022,25,2,2022,0.13,0,493,5,67.5,28.1,47,85,14,46,27.3,3,72.9,43
26-Feb-2022,26,2,2022,0.16,0,518,4.2,70.7,30.6,51,78,9,33,22.9,3.9,94,43
27-Feb-2022,27,2,2022,0.13,0,430,5.7,73,31.2,51,81,13,44,30.4,3,71.3,43
28-Feb-2022,28,2,2022,0.16,0,514,6.2,83.4,34.5,57,82,9,40,32.5,3.2,77.5,44
1-Mar-2022,1,3,2022,0.17,0,522,7.4,86.1,36.1,59,81,10,43,36.8,3.3,79.3,45
2-Mar-2022,2,3,2022,0.15,0,466,8.9,85.5,38.7,62,81,17,47,41.5,3.2,77.4,46
3-Mar-2022,3,3,2022,0.19,0,484,8,83.2,41.4,63,80,21,40,38.6,5.1,122.2,47
4-Mar-2022,4,3,2022,0.15,0,374,9.1,70.6,54.1,62,57,39,48,42.1,8.2,196,48
5-Mar-2022,5,3,2022,0.2,0,501,7.3,68.5,48.3,58,72,27,45,36.6,9.7,231.8,48
6-Mar-2022,6,3,2022,0.15,0,539,6.9,69.2,38.8,53,79,21,50,35,3.9,92.8,47
7-Mar-2022,7,3,2022,0.21,0,549,5.1,72.2,35.1,53,86,12,37,27.7,6.2,148.1,46
8-Mar-2022,8,3,2022,0.17,0,556,5.3,71.4,32.8,51,79,12,41,28.5,3.5,84.9,46
9-Mar-2022,9,3,2022,0.18,0,550,6.5,77.3,34.2,57,82,17,41,33.5,4.7,112.5,46
10-Mar-2022,10,3,2022,0.23,0,521,5.8,76.5,41.7,58,76,11,35,30.7,8,193.1,47
11-Mar-2022,11,3,2022,0.19,0,579,3.5,73.4,36.3,55,70,6,24,18.9,5.1,123.6,46
12-Mar-2022,12,3,2022,0.17,0,575,5.9,77.5,33.3,55,77,12,41,31.2,3,73.1,46
13-Mar-2022,13,3,2022,0.18,0,547,6.9,84.3,37,62,82,15,37,35.2,3.6,85.7,47
14-Mar-2022,14,3,2022,0.18,0,565,9.1,84.8,42.2,63,81,18,47,42,3.2,76.3,49
15-Mar-2022,15,3,2022,0.19,0,574,9.2,87.2,42.4,65,83,15,44,42.3,2.7,65.5,50
16-Mar-2022,16,3,2022,0.21,0,561,9.9,85.8,47.2,67,79,20,44,44.3,5.1,121.6,51
17-Mar-2022,17,3,2022,0.22,0,597,8.1,84.2,49.8,67,80,10,36,39,5,120,52
18-Mar-2022,18,3,2022,0.19,0,590,7.9,86.1,43.1,64,77,11,39,38.5,2.9,70.4,52
19-Mar-2022,19,3,2022,0.23,0,574,8.4,87.4,45.6,66,78,15,38,40.1,5.8,138.1,52
20-Mar-2022,20,3,2022,0.25,0,574,8.9,79,50.3,66,73,23,41,41.6,9.6,231.3,53
21-Mar-2022,21,3,2022,0.24,0,580,6.5,82.2,49.3,67,77,14,28,33.5,6.4,154.2,53
22-Mar-2022,22,3,2022,0.27,0,585,7.3,85.5,50.1,71,74,16,29,36.4,7.5,180.4,53
23-Mar-2022,23,3,2022,0.22,0,610,7.1,84.6,50.1,69,73,9,29,35.8,4.4,106,54
24-Mar-2022,24,3,2022,0.2,0,605,9.3,88.1,44.8,65,80,14,44,42.8,3.2,76.7,54
25-Mar-2022,25,3,2022,0.19,0,595,10.8,94.1,48.8,69,80,16,45,46.6,2.6,63.2,54
26-Mar-2022,26,3,2022,0.22,0,564,11.1,92.5,53.5,70,80,21,45,47.4,5,121.2,54
27-Mar-2022,27,3,2022,0.23,0,609,9.8,89.5,52.9,70,69,16,40,44.1,4.3,103.5,53
28-Mar-2022,28,3,2022,0.2,0.03,488,10.6,80.1,59.4,68,68,25,46,46.1,5.6,134.7,54
29-Mar-2022,29,3,2022,0.21,0,628,10.3,76.4,49.9,63,79,31,52,45.3,5.9,140.7,53
30-Mar-2022,30,3,2022,0.21,0,628,11.5,83.1,46.4,65,90,25,55,48.3,4.2,100.6,53
31-Mar-2022,31,3,2022,0.19,0,605,11.8,80.1,48.8,65,85,31,57,49,3.6,86.6,54
1-Apr-2022,1,4,2022,0.2,0,624,12.5,84.1,48.8,66,91,28,57,50.4,3.6,87.4,55
2-Apr-2022,2,4,2022,0.2,0,632,12.4,82.1,50.7,66,85,31,56,50.2,4.2,101.7,55
3-Apr-2022,3,4,2022,0.2,0,620,13,82.3,52.8,67,83,32,58,51.4,4,95.4,55
4-Apr-2022,4,4,2022,0.21,0,636,13.8,87.2,51.8,68,88,27,58,53.2,4,97,56
5-Apr-2022,5,4,2022,0.22,0,641,14.1,89.8,54.2,71,79,28,55,53.7,4.7,111.8,57
6-Apr-2022,6,4,2022,0.27,0,665,9.2,93,52.3,73,80,13,33,42.4,5,121.1,58
7-Apr-2022,7,4,2022,0.27,0,680,7.3,94.3,53.5,75,50,10,24,36.5,4.8,115.6,58
8-Apr-2022,8,4,2022,0.25,0,687,10.5,96.1,49.9,74,80,12,37,45.8,3.5,84.4,58
9-Apr-2022,9,4,2022,0.29,0,677,10.1,98.7,51.8,75,75,14,34,44.7,5.6,135.6,59
10-Apr-2022,10,4,2022,0.26,0,661,10,90.6,53.6,72,79,14,37,44.5,5.7,136.7,60
11-Apr-2022,11,4,2022,0.27,0,649,9.8,84.8,56.5,70,52,25,38,43.9,8.2,196,60
12-Apr-2022,12,4,2022,0.24,0,681,6.2,73.8,48,63,62,13,32,32.4,6.7,160,59
13-Apr-2022,13,4,2022,0.21,0,704,6.2,76.6,42.1,60,83,12,35,32.4,3.5,84.5,57
14-Apr-2022,14,4,2022,0.24,0,685,7.6,84.3,43.3,65,80,16,36,37.5,4.3,103.2,57
15-Apr-2022,15,4,2022,0.24,0,669,9.3,84.1,45.2,67,74,22,40,42.6,4.8,114.1,58
16-Apr-2022,16,4,2022,0.28,0,679,8.7,88.2,56.6,73,60,13,32,41,6.7,160.3,59
17-Apr-2022,17,4,2022,0.24,0,702,11,89.9,49,69,84,17,45,46.9,3.7,89.4,59
18-Apr-2022,18,4,2022,0.26,0,695,9.2,98.6,49.1,75,81,7,31,42.4,3.9,92.8,60
19-Apr-2022,19,4,2022,0.33,0,666,7.9,94.4,59.5,77,68,9,25,38.3,7.2,171.7,62
20-Apr-2022,20,4,2022,0.28,0,690,9.6,87.7,59.2,73,51,20,35,43.6,6.9,164.5,62
21-Apr-2022,21,4,2022,0.28,0,693,9,89.4,50.3,71,78,18,35,41.7,5.9,140.4,62
22-Apr-2022,22,4,2022,0.31,0,683,8.3,76.4,51.9,66,60,21,38,39.8,11.3,270.6,61
23-Apr-2022,23,4,2022,0.26,0,715,8,83.9,45.8,66,77,14,37,38.9,4.2,100.2,60
24-Apr-2022,24,4,2022,0.29,0,717,7.6,86.7,46.1,69,71,12,32,37.4,5.3,127.8,60
25-Apr-2022,25,4,2022,0.26,0,723,8.4,91.4,46.8,71,62,10,33,39.9,3.6,85.6,60
26-Apr-2022,26,4,2022,0.24,0,580,8.6,93.3,50,73,73,14,31,40.5,3.6,85.3,61
27-Apr-2022,27,4,2022,0.29,0,716,6.8,93.1,55.2,75,39,10,23,34.7,5,120.4,62
28-Apr-2022,28,4,2022,0.29,0,718,8.2,89.8,49.6,71,69,10,31,39.4,6,144.8,63
29-Apr-2022,29,4,2022,0.25,0,724,10.9,89.6,51.5,70,76,17,44,46.8,3.9,93,63
30-Apr-2022,30,4,2022,0.27,0,725,9.8,95,50.1,75,76,8,33,43.9,4,95.8,64
1-May-2022,1,5,2022,0.28,0,722,9.3,92.5,52.2,74,72,19,32,42.6,4.8,115.4,65
2-May-2022,2,5,2022,0.26,0,725,10.9,91.9,53.6,74,78,18,39,46.7,4.2,99.6,65
3-May-2022,3,5,2022,0.25,0,718,13.8,90.4,57.6,73,91,20,50,53.2,3.5,84.8,66
4-May-2022,4,5,2022,0.27,0,740,11.8,92.7,53,74,89,13,42,49,3.9,93.5,66
5-May-2022,5,5,2022,0.26,0,738,10.6,96.5,52.8,77,79,10,34,46,2.9,69,66
6-May-2022,6,5,2022,0.29,0,729,9.9,99.1,53.2,79,73,13,29,44.2,4.4,104.9,67
7-May-2022,7,5,2022,0.3,0,716,10.9,98.8,58.5,79,71,18,32,46.8,5.8,138.7,69
8-May-2022,8,5,2022,0.33,0,692,9.6,87.3,58,73,49,21,34,43.4,9.1,217.4,68
9-May-2022,9,5,2022,0.29,0,724,8.1,84.3,52.6,69,58,20,33,39,7,168.5,67
10-May-2022,10,5,2022,0.3,0,731,6.5,84.8,54.9,70,49,13,26,33.5,6.3,150.3,66
11-May-2022,11,5,2022,0.28,0,762,5.7,79.9,52,66,41,15,26,30.3,6.4,154.1,66
12-May-2022,12,5,2022,0.27,0,763,6.9,85,45.6,68,73,10,30,35.2,4,95.2,65
13-May-2022,13,5,2022,0.27,0,755,9.4,94.8,48.4,73,75,10,34,42.9,3.5,84.5,65
14-May-2022,14,5,2022,0.28,0,760,10.6,101.8,52.9,78,81,9,32,46,3,71.6,67
15-May-2022,15,5,2022,0.31,0,749,9,105,55,82,76,7,24,41.7,3.8,90.7,69
16-May-2022,16,5,2022,0.29,0,744,10.5,102.1,54.4,80,69,15,30,45.8,3.7,88.6,70
17-May-2022,17,5,2022,0.3,0,753,11.7,98.3,57.7,80,70,14,34,48.6,4.7,112.2,71
18-May-2022,18,5,2022,0.29,0,736,13.1,96.5,58.8,78,70,15,40,51.8,4.5,107.1,71
19-May-2022,19,5,2022,0.3,0,741,14.1,97.2,59.9,78,77,21,43,53.7,6,143,71
20-May-2022,20,5,2022,0.29,0,731,12.9,96.8,57.2,75,72,23,43,51.3,5.8,139.9,71
21-May-2022,21,5,2022,0.26,0,732,13.4,90.1,57.3,75,74,23,46,52.4,4.1,98.5,71
22-May-2022,22,5,2022,0.27,0,733,13.6,93.2,59.6,77,81,22,43,52.8,3.9,92.4,71
23-May-2022,23,5,2022,0.28,0,730,13.5,95.2,59.1,78,82,21,41,52.5,4.3,103.9,72
24-May-2022,24,5,2022,0.31,0,735,13,99.3,60.6,80,60,20,37,51.6,5.5,131.4,72
25-May-2022,25,5,2022,0.31,0,714,12.2,101.8,63.9,83,53,13,32,49.9,6.1,146.6,73
26-May-2022,26,5,2022,0.33,0,736,12.6,102.7,65.2,84,51,17,32,50.7,6,143.1,73
27-May-2022,27,5,2022,0.32,0,725,10,101.2,59.9,83,67,10,26,44.4,4.7,112.5,73
28-May-2022,28,5,2022,0.33,0,724,10.2,95.3,62,80,46,17,29,45.1,7,167.2,73
29-May-2022,29,5,2022,0.32,0,732,11.8,94.4,63.6,78,59,19,35,48.8,7,168.2,73
30-May-2022,30,5,2022,0.29,0,752,10.5,95.2,61.4,79,68,11,31,45.8,4.2,100.2,73
31-May-2022,31,5,2022,0.28,0,764,11.5,94.8,57.5,77,69,15,36,48.3,3.8,91.4,73
1-Jun-2022,1,6,2022,0.3,0,762,11.5,101,57.4,81,77,9,32,48.3,4.1,97.4,73
2-Jun-2022,2,6,2022,0.31,0,727,12.2,102.9,60.9,82,64,12,32,49.8,5.5,132.7,74
3-Jun-2022,3,6,2022,0.3,0,717,12.1,100.6,60.7,83,60,15,32,49.5,5.4,130.4,74
4-Jun-2022,4,6,2022,0.34,0,735,12.4,102,62.3,83,62,15,32,50.2,6.9,165.4,74
5-Jun-2022,5,6,2022,0.29,0,729,14.3,101,64.8,84,66,21,36,54.1,4.1,98,75
6-Jun-2022,6,6,2022,0.3,0,750,15.3,103,65.3,85,66,20,37,55.9,4.2,101.7,76
7-Jun-2022,7,6,2022,0.31,0,758,17.1,103.8,66.8,86,73,17,41,59.1,4.9,118.3,76
8-Jun-2022,8,6,2022,0.31,0,753,18.4,104.1,68.1,85,68,24,44,61.1,5.2,125.8,77
9-Jun-2022,9,6,2022,0.31,0,713,17.1,105.4,71.7,87,61,19,38,59,5.3,128,77
10-Jun-2022,10,6,2022,0.31,0,736,18.2,107.9,72.5,90,57,21,37,60.8,4.7,113.1,77
11-Jun-2022,11,6,2022,0.34,0,731,19.5,112.1,73.4,92,61,19,38,62.8,5.7,135.7,78
12-Jun-2022,12,6,2022,0.36,0,750,15.6,110.3,70.4,90,65,17,33,56.5,6.4,154,79
13-Jun-2022,13,6,2022,0.41,0,772,10.7,104.2,67.5,87,58,8,24,46.2,8.7,207.6,78
14-Jun-2022,14,6,2022,0.3,0,768,12.9,101.1,63,83,67,13,34,51.3,3.7,88.6,77
15-Jun-2022,15,6,2022,0.32,0,765,14.9,104.7,64.6,85,70,12,36,55.3,5.1,123.5,77
16-Jun-2022,16,6,2022,0.34,0,781,12.2,108.5,65.9,86,60,10,29,49.9,5,119.7,77
17-Jun-2022,17,6,2022,0.34,0,765,8.8,105.6,61.3,85,55,10,22,41.2,4.9,117.6,77
18-Jun-2022,18,6,2022,0.37,0,777,5.3,99.1,62,82,40,6,14,28.6,6.9,166.5,77
19-Jun-2022,19,6,2022,0.3,0,806,7.6,95.5,57.8,79,59,8,23,37.6,3.9,93.8,76
20-Jun-2022,20,6,2022,0.3,0,792,10.3,101.6,57,82,74,8,28,45.3,3.6,86.2,76
21-Jun-2022,21,6,2022,0.33,0,732,13.6,106.5,62.1,86,58,15,32,52.7,5.3,128.2,76
22-Jun-2022,22,6,2022,0.31,0,710,19.2,106.6,76.6,91,59,19,39,62.4,5.6,133.6,78
23-Jun-2022,23,6,2022,0.31,0,731,18,107,74,92,67,19,35,60.4,4.1,97.4,79
24-Jun-2022,24,6,2022,0.32,0,736,17.1,107.4,70.6,91,63,20,35,59,4.9,117.5,80
25-Jun-2022,25,6,2022,0.31,0,749,17.6,108,68.1,90,62,16,36,59.8,4.9,117.3,79
26-Jun-2022,26,6,2022,0.35,0,730,23.1,105.7,78,91,69,30,46,67.6,8,193.1,80
27-Jun-2022,27,6,2022,0.31,0,711,22.2,103.2,77.9,91,64,28,44,66.4,5,119.1,80
28-Jun-2022,28,6,2022,0.34,0,730,18.5,109.2,77,94,64,18,33,61.3,5.5,131.2,82
29-Jun-2022,29,6,2022,0.34,0,726,12.9,110.6,74.3,93,51,12,24,51.3,5,120.5,83
30-Jun-2022,30,6,2022,0.35,0,724,15.6,108,79.3,94,46,18,29,56.5,6.2,148.7,83
1-Jul-2022,1,7,2022,0.34,0,756,11.8,108.7,73.2,92,51,11,23,49,5.2,125.4,84
2-Jul-2022,2,7,2022,0.36,0,758,10.9,108.5,71.7,91,39,14,22,46.7,5.9,140.5,83
3-Jul-2022,3,7,2022,0.35,0,781,8,105.9,67,87,34,8,19,38.8,5.4,128.4,83
4-Jul-2022,4,7,2022,0.32,0,778,8.7,101.8,62.4,85,42,11,21,40.8,4.6,109.3,81
5-Jul-2022,5,7,2022,0.31,0,744,14,103.3,67.9,86,55,17,33,53.6,4.7,113,81
6-Jul-2022,6,7,2022,0.32,0,744,16,103.2,70.7,87,60,19,36,57.2,5.7,136.7,81
7-Jul-2022,7,7,2022,0.36,0,758,13,108.4,70.8,89,58,11,28,51.6,6.3,150.7,81
8-Jul-2022,8,7,2022,0.32,0,753,13.1,109.1,70.9,91,57,11,26,51.7,4.2,101.2,81
9-Jul-2022,9,7,2022,0.3,0,679,11.7,108.4,70.2,91,51,8,23,48.7,3.5,83.8,82
10-Jul-2022,10,7,2022,0.3,0,736,14.1,112.2,71.7,93,60,10,26,53.6,3,71.8,82
11-Jul-2022,11,7,2022,0.33,0,727,14.4,114.3,73.2,95,60,11,25,54.2,4.3,103.3,83
12-Jul-2022,12,7,2022,0.36,0,710,16.6,111.8,75.8,93,50,15,32,58.3,6.1,146.6,83
13-Jul-2022,13,7,2022,0.35,0,686,18.6,110.2,76.8,94,49,21,34,61.4,6.4,152.5,83
14-Jul-2022,14,7,2022,0.32,0,601,16,110.2,82,95,48,15,28,57.3,5.9,142.3,83
15-Jul-2022,15,7,2022,0.32,0,720,16.3,112.5,78.6,96,54,12,28,57.7,3.9,94.4,84
16-Jul-2022,16,7,2022,0.35,0,709,20.3,113.2,80.8,98,52,18,33,63.9,6.2,149.5,85
17-Jul-2022,17,7,2022,0.37,0,704,22.2,111.7,85.1,97,55,21,37,66.5,7.3,174.2,85
18-Jul-2022,18,7,2022,0.35,0,682,23.3,110.7,83.7,95,66,19,41,67.9,6.9,166.7,85
19-Jul-2022,19,7,2022,0.33,0,664,20.4,111.1,78.9,96,64,20,35,64.1,5.5,131,85
20-Jul-2022,20,7,2022,0.26,0,551,22,108.8,82.3,95,67,22,39,66.2,5,119.9,85
21-Jul-2022,21,7,2022,0.31,0,641,19.2,109.4,77,94,60,17,36,62.3,5.2,125.1,84
22-Jul-2022,22,7,2022,0.3,0,618,18.1,111.8,75.1,94,55,18,33,60.7,4.6,110.5,84
23-Jul-2022,23,7,2022,0.32,0.01,585,21.7,107.3,81.7,92,61,27,42,65.8,7.5,180.1,82
24-Jul-2022,24,7,2022,0.34,0,676,25.8,105.2,81.4,92,77,30,50,70.9,9.1,217.5,81
25-Jul-2022,25,7,2022,0.27,0.5,599,26.2,100.8,78.7,89,85,30,56,71.3,6.4,154.5,80
26-Jul-2022,26,7,2022,0.31,0,689,22.9,105.1,78.4,92,75,26,44,67.3,5.4,129.8,79
27-Jul-2022,27,7,2022,0.27,0,608,24.2,103.4,79.2,91,65,34,49,69,6.2,149.1,81
28-Jul-2022,28,7,2022,0.29,0,590,21.3,103.3,79,92,57,29,42,65.2,5.7,135.9,82
29-Jul-2022,29,7,2022,0.24,0,487,24.5,98.9,82.8,90,66,40,51,69.3,6.1,147,82
30-Jul-2022,30,7,2022,0.24,0,524,25.1,101.6,80.5,89,68,34,54,70.1,5.9,141.7,83
31-Jul-2022,31,7,2022,0.32,0,701,21,102.8,77.5,91,69,26,42,64.9,6.7,160.7,83
1-Aug-2022,1,8,2022,0.26,0,599,26,101.7,80.1,90,79,34,54,71.1,4.5,107.2,84
2-Aug-2022,2,8,2022,0.3,0,667,20.6,107.1,78.1,93,63,27,39,64.3,4,96.9,85
3-Aug-2022,3,8,2022,0.28,0,604,21.6,106.7,78.7,93,59,26,40,65.7,4.9,117.7,86
4-Aug-2022,4,8,2022,0.26,0,490,23.5,96.7,79.5,88,66,39,52,68.2,7.4,177,85
5-Aug-2022,5,8,2022,0.28,0,673,22,104.3,76.6,91,73,27,44,66.2,3,71.7,84
6-Aug-2022,6,8,2022,0.28,0,636,20.6,109,79.3,94,70,19,37,64.3,3.3,78.5,86
7-Aug-2022,7,8,2022,0.29,0,540,23.7,104.9,82.3,93,63,27,45,68.4,8.6,206.8,85
8-Aug-2022,8,8,2022,0.26,0,541,25.8,103.1,82.9,91,70,33,52,70.9,6.5,156.9,85
9-Aug-2022,9,8,2022,0.31,0,654,22.1,106.7,81.4,93,69,22,42,66.3,4.9,116.6,85
10-Aug-2022,10,8,2022,0.31,0,666,23.2,107.4,82.2,95,60,27,41,67.8,5.4,129.9,86
11-Aug-2022,11,8,2022,0.23,0,449,21.4,104.6,83.7,94,57,28,39,65.5,4.7,112.2,86
12-Aug-2022,12,8,2022,0.29,0,518,23,106.5,81.1,94,57,25,43,67.5,7.7,184,84
13-Aug-2022,13,8,2022,0.27,0,603,25.4,104.9,80.3,93,74,31,49,70.4,5,118.8,85
14-Aug-2022,14,8,2022,0.3,0,616,25.1,107.1,84,94,71,28,46,70,7.1,170.7,85
15-Aug-2022,15,8,2022,0.28,0,647,23.3,106,79.2,93,71,26,44,67.9,3.8,91.1,85
16-Aug-2022,16,8,2022,0.31,0,633,25.7,108.4,83.4,95,65,27,46,70.8,6.9,165.7,86
17-Aug-2022,17,8,2022,0.32,0,642,26.3,107.5,83.7,96,68,27,46,71.4,7.3,174.7,86
18-Aug-2022,18,8,2022,0.3,0,265,21.6,105.7,87,98,76,26,35,65.7,6.6,159.1,82
19-Aug-2022,19,8,2022,0.28,0,590,25.6,103.3,81.1,92,68,33,50,70.7,7.1,169.5,79
20-Aug-2022,20,8,2022,0.31,0,603,24.5,102.8,80,92,72,32,49,69.3,8.7,207.9,78
21-Aug-2022,21,8,2022,0.28,0,587,28.4,103.1,83.1,92,78,37,55,73.7,8.3,199.2,79
22-Aug-2022,22,8,2022,0.27,0,557,24.4,102.1,77.6,90,72,31,50,69.3,7.5,180,81
23-Aug-2022,23,8,2022,0.3,0,593,25.2,106.6,82.3,94,72,27,46,70.1,6.8,163.6,82
24-Aug-2022,24,8,2022,0.26,0,236,24.9,105.5,85.5,92,66,33,48,69.8,6.2,149,84
25-Aug-2022,25,8,2022,0.24,0,549,23.6,103.9,80.1,93,66,30,45,68.3,4,96.9,82
26-Aug-2022,26,8,2022,0.27,0,592,20.6,108.8,80.4,95,66,21,37,64.3,4,96.4,83
27-Aug-2022,27,8,2022,0.29,0,597,17.5,107.7,77,93,58,20,33,59.7,4.5,107.7,84
28-Aug-2022,28,8,2022,0.28,0,559,24.9,105.7,81.1,92,76,30,49,69.8,6.3,151.3,84
29-Aug-2022,29,8,2022,0.27,0,589,23.5,106.5,78.6,92,68,28,45,68.1,4.4,105.4,83
30-Aug-2022,30,8,2022,0.26,0,589,20.7,111.7,79.4,95,66,18,36,64.5,2.9,70.5,84
31-Aug-2022,31,8,2022,0.31,0,573,21.6,111.9,78.8,95,67,20,38,65.7,6,144.4,84
1-Sep-2022,1,9,2022,0.3,0,568,23.8,109.5,85,96,62,25,41,68.5,7.2,172.8,84
2-Sep-2022,2,9,2022,0.3,0,560,27.3,106.1,83.6,95,71,32,49,72.5,9.1,217.5,84
3-Sep-2022,3,9,2022,0.27,0,569,24.9,106.3,82.3,95,65,30,45,69.9,5.3,127.8,84
4-Sep-2022,4,9,2022,0.27,0,547,22.4,109.4,84.8,96,57,25,38,66.7,4.1,98.4,84
5-Sep-2022,5,9,2022,0.32,0,579,16.6,115,80.3,97,60,9,28,58.2,5.2,124,84
6-Sep-2022,6,9,2022,0.3,0,564,20,112.4,78.8,96,68,17,35,63.4,6,143.5,83
7-Sep-2022,7,9,2022,0.28,0,555,26.8,104.3,84.6,93,75,32,51,72,8.1,195.1,83
8-Sep-2022,8,9,2022,0.2,0,360,19.9,104.2,81.3,91,52,24,40,63.3,5.4,128.9,83
9-Sep-2022,9,9,2022,0.12,0.21,97,26.8,87.4,75.5,80,88,55,77,72,6.9,164.9,80
10-Sep-2022,10,9,2022,0.1,0.02,308,27.9,87.8,74.8,80,92,64,80,73.2,3.9,93.4,75
11-Sep-2022,11,9,2022,0.17,0,445,26,94.8,71.9,82,99,46,69,71.1,3,72.3,76
12-Sep-2022,12,9,2022,0.19,0,464,23.9,95.1,75.8,84,80,44,59,68.7,3.9,94.1,77
13-Sep-2022,13,9,2022,0.23,0,527,21.1,97.9,76.7,86,73,32,50,65.1,4.8,116.3,78
14-Sep-2022,14,9,2022,0.22,0,532,18.7,97.1,73,85,72,30,46,61.6,3.5,82.9,78
15-Sep-2022,15,9,2022,0.24,0,574,12.7,97.4,67.3,83,68,13,34,51,3.7,88.8,77
16-Sep-2022,16,9,2022,0.23,0,571,11.8,98.3,63.7,82,70,11,32,49,3.4,81.6,76
17-Sep-2022,17,9,2022,0.23,0,571,11.6,98.8,66.4,82,64,14,31,48.4,3.5,85.2,75
18-Sep-2022,18,9,2022,0.23,0,568,10.9,97.4,61.3,81,57,17,30,46.7,3.4,80.7,75
19-Sep-2022,19,9,2022,0.22,0,548,11.9,98,63.8,82,60,16,32,49.2,2.6,63.4,74
20-Sep-2022,20,9,2022,0.22,0,544,14.3,99.9,65.6,84,57,15,36,54.1,2.9,70.3,74
21-Sep-2022,21,9,2022,0.21,0,488,15.8,99.7,74.8,86,70,21,37,56.8,4,95,75
22-Sep-2022,22,9,2022,0.21,0,498,18.7,100.7,71.4,86,55,31,44,61.5,3.1,74.7,76
23-Sep-2022,23,9,2022,0.23,0,512,19.9,103.5,75.1,90,66,28,42,63.4,3.6,86.9,76
24-Sep-2022,24,9,2022,0.22,0,506,19.7,104.4,78.2,91,60,25,40,63.1,3.1,75.3,74
25-Sep-2022,25,9,2022,0.23,0,517,17.2,108.5,75.8,91,67,13,35,59.3,3.2,77.9,73
26-Sep-2022,26,9,2022,0.23,0,540,11.5,107.5,67.8,87,55,9,26,48.3,3.1,73.8,70
27-Sep-2022,27,9,2022,0.24,0,497,14.9,106.9,72.1,89,54,18,32,55.2,3.6,85.4,69
28-Sep-2022,28,9,2022,0.26,0,491,21.6,103.9,78.2,90,67,28,45,65.7,7.3,174.2,70
29-Sep-2022,29,9,2022,0.23,0,489,23.4,100.6,79.1,89,77,30,50,68,6.3,151.2,72
30-Sep-2022,30,9,2022,0.23,0,483,22.3,99.9,78.5,88,63,29,49,66.6,6.4,153.2,73
